{
    "mean_squared_error": 0.004200947244303989,
    "mean_absolute_error": 0.05852242234794587,
    "r2_score": 0.7760469592008638
}